jam_belajar,kehadiran,nilai_tugas,nilai_kuis,aktivitas_forum,nilai_akhir
7.9,84.9,65.1,81.4,4,73.8
17.2,91.4,74.6,49.5,3,85.1
13.7,85.4,57.3,57.4,1,74.9
11.6,78.7,78.3,71.4,7,78.6
4.5,65.6,83.8,87.6,2,62.4
4.5,61.9,59.3,55.4,0,51.8
3.3,74.4,73.6,90.2,7,60.8
15.9,88.7,64.2,63.1,2,80.1
11.6,78.2,56.7,84.9,2,76.5
13.3,79.5,57.8,70.5,0,74.2
17.5,74.7,82.8,81.1,4,88.7
17.5,88.4,53.2,78.9,2,86.2
15.3,87.6,76.8,59.6,4,84.3
5.4,77.5,67.1,51.2,3,58.7
5.0,75.3,96.3,54.8,2,64.9
6.9,81.7,77.3,59.1,5,69.5
6.9,78.3,60.3,52.3,9,61.7
10.4,85.4,77.0,81.7,2,76.5
9.0,88.2,65.8,75.4,6,74.9
6.7,89.5,68.9,55.3,3,66.1
12.0,82.1,84.1,88.2,8,84.9
4.2,72.4,94.2,84.8,7,68.3
7.8,94.6,56.2,91.2,7,73.4
11.8,77.2,65.5,54.8,1,70.1
6.7,82.5,72.3,92.5,4,69.4
14.6,91.7,92.6,68.7,4,87.8
5.2,83.1,52.7,48.2,8,60.5
10.2,81.3,73.1,64.4,1,72.6
11.5,86.2,75.2,87.9,1,80.3
7.8,76.5,73.2,93.4,7,74.7
11.7,98.6,57.1,56.7,3,76.4
2.9,90.4,95.5,54.6,5,63.9
17.2,97.2,96.6,50.8,9,98.6
17.4,67.6,83.1,47.8,5,84.7
14.9,93.4,55.2,85.7,8,88.4
8.5,83.2,94.4,86.2,1,77.3
4.9,96.8,92.4,75.2,4,72.1
13.1,65.9,87.3,87.2,0,76.3
13.0,91.3,64.7,55.2,2,77.9
12.9,92.2,91.3,74.8,1,85.2
3.9,64.5,74.3,67.8,4,58.3
14.3,62.1,58.6,84.9,5,75.1
2.4,64.1,86.8,81.3,6,60.5
16.5,69.5,89.5,69.4,8,87.2
4.6,97.4,68.5,85.2,8,71.8
12.6,89.7,71.4,94.1,4,85.6
6.2,75.1,69.3,58.5,2,63.1
8.8,61.7,86.4,77.5,7,73.5
9.8,83.7,87.2,50.7,5,73.4
11.4,88.9,86.4,69.7,2,80.7
7.0,86.9,82.4,47.8,0,67.9
12.7,69.2,72.6,92.7,7,81.4
11.9,64.3,88.9,55.6,4,73.9
15.7,72.5,56.4,66.3,2,78.2
12.5,95.8,79.5,77.8,8,86.5
15.9,67.4,61.4,56.9,2,74.8
7.6,98.9,78.2,60.2,4,74.9
10.4,76.8,92.7,74.1,8,81.6
8.9,87.1,58.7,46.9,1,67.1
4.2,68.2,59.8,73.2,9,62.3
14.7,99.1,64.9,90.4,7,91.2
15.6,71.8,77.4,62.8,0,80.4
15.0,85.2,56.8,82.5,6,85.7
10.7,70.9,74.2,72.8,7,76.8
11.9,74.1,71.9,59.3,4,74.5
6.6,68.4,90.3,57.1,3,66.4
17.8,93.2,73.8,78.1,9,96.3
8.6,97.8,63.7,48.9,4,71.2
4.6,89.4,78.4,82.6,3,67.8
16.2,78.6,88.7,91.2,2,91.3
12.8,72.1,84.9,49.8,6,77.4
3.4,67.9,87.5,74.3,5,63.1
11.2,94.3,58.9,68.4,7,79.8
14.9,65.4,78.2,84.9,1,79.2
10.3,63.8,69.4,60.1,6,69.8
9.1,82.7,76.5,88.3,0,74.9
16.4,84.2,91.2,57.6,3,87.4
2.2,60.8,94.1,93.2,8,64.2
3.8,73.4,70.2,54.1,4,55.8
15.8,96.4,84.7,76.3,5,91.5
6.4,85.1,62.8,63.7,1,64.7
11.7,79.8,59.1,82.4,2,76.8
13.4,68.9,83.4,64.7,7,78.9
5.8,92.1,91.7,58.3,9,73.4
16.9,81.4,68.5,89.2,6,90.1
13.2,63.7,81.2,77.8,1,75.4
7.4,67.2,95.4,68.9,5,70.8
12.3,93.4,76.8,51.4,3,78.6
8.7,90.1,82.3,84.7,4,77.9
15.1,84.7,67.1,70.2,8,85.2
17.1,76.8,89.4,65.9,0,84.3
5.9,69.4,58.2,87.4,2,63.8
2.8,71.9,64.8,79.1,5,58.4
14.4,87.3,71.9,80.3,4,84.1
9.6,91.5,88.3,61.7,7,79.3
16.0,86.4,79.2,74.1,9,90.4
6.8,64.2,68.9,89.4,3,67.1
13.5,95.1,61.4,59.8,6,81.7
4.1,79.2,93.1,82.4,1,68.2
8.2,74.6,84.5,67.1,8,74.9
15.4,90.8,57.6,83.9,0,84.2
12.1,66.8,79.4,71.2,5,76.3
7.7,85.4,69.8,90.1,6,76.2
14.8,78.9,87.6,56.8,4,81.9
10.9,97.3,83.1,62.4,7,82.4
3.1,62.8,91.4,78.6,2,59.1
16.7,82.1,74.8,85.2,5,89.6
9.4,88.6,63.2,58.9,3,72.1
5.6,94.2,88.1,73.4,0,71.4
13.8,73.4,92.5,69.8,8,85.1
11.1,68.9,76.1,84.2,2,76.2
8.4,91.7,59.4,53.8,6,71.3
17.6,94.8,86.2,92.1,4,96.8
6.1,77.4,71.8,66.4,1,64.2
14.2,86.1,60.5,79.8,9,83.9
2.6,69.8,82.4,81.2,7,62.8
15.5,75.3,89.1,63.7,3,82.7
10.5,83.9,66.7,77.4,5,76.1
7.1,61.5,94.8,88.6,8,75.4
16.8,92.4,70.1,83.2,2,88.9
12.4,79.1,83.7,57.9,6,78.8
4.8,86.7,67.4,61.3,4,64.5
13.9,98.2,90.1,76.4,8,92.3
9.2,65.4,78.9,89.1,1,72.4
17.0,89.1,62.8,54.7,5,83.6
8.1,78.3,85.2,70.9,3,73.2
5.3,93.5,73.6,86.1,6,74.1
14.5,70.2,81.4,91.5,4,84.7
11.3,84.6,64.2,67.3,0,72.9
6.5,66.7,89.5,72.1,7,70.2
16.1,96.8,77.9,88.4,7,94.1
10.1,73.8,68.1,52.4,5,69.8
3.6,81.2,93.4,79.8,2,67.3
15.2,88.9,85.6,60.7,1,83.4
7.3,95.4,59.8,84.2,8,76.8
12.2,67.4,72.3,93.5,3,77.9
4.4,76.1,86.7,58.9,6,65.1
17.3,74.9,91.8,75.2,8,91.4
8.3,89.4,67.2,63.8,4,72.6
13.6,92.8,78.4,81.7,2,83.9
9.7,71.2,84.1,69.3,5,74.8
2.5,85.6,61.9,87.4,0,59.4
16.3,80.5,86.3,78.9,6,88.7
10.8,96.1,70.4,56.2,3,78.1
6.0,63.9,79.8,82.4,4,66.8
14.0,83.7,94.2,64.8,1,82.9
11.0,77.9,63.5,91.2,9,80.4
7.5,91.2,88.9,72.6,2,76.1
15.7,97.4,66.8,85.4,5,90.2
4.0,70.5,75.1,60.8,7,62.7
12.6,87.1,82.6,73.9,4,80.9
8.0,68.4,90.7,55.3,1,67.8
17.7,85.9,79.4,86.7,3,91.8
5.5,93.8,62.1,78.4,8,73.6
13.3,76.2,87.3,68.9,6,81.4
9.9,84.5,71.6,87.2,0,76.3
3.2,66.3,84.9,65.4,5,60.1
16.6,90.7,92.4,59.1,7,91.7
7.2,79.4,65.8,94.2,3,73.5
14.7,69.8,78.1,76.5,8,81.9
10.6,92.3,89.4,61.8,2,79.8
4.7,87.9,56.7,83.1,4,67.4
15.3,78.4,83.2,90.7,6,89.5
8.8,62.9,74.5,71.4,9,73.1
12.9,94.6,69.1,58.3,5,80.4
3.7,72.8,96.2,66.7,1,64.8
17.1,99.4,81.5,77.9,8,95.7
6.3,86.5,73.9,53.2,0,65.2
14.1,75.1,88.4,84.6,7,85.9
9.5,80.7,60.2,79.8,3,73.1
2.7,65.4,92.8,91.4,6,63.7
15.8,82.9,76.4,67.8,4,82.4
11.4,91.6,85.7,72.3,1,81.3
7.8,69.1,64.3,86.9,8,72.9
13.7,88.4,93.1,62.5,5,84.8
5.1,74.8,79.6,74.1,2,66.2
16.4,95.2,68.9,89.4,9,94.2
8.9,77.3,87.2,57.6,0,71.8
10.0,83.4,72.5,80.1,7,79.1